episode,true_label,predicted_label,confidence,moves,pixels_seen
0,4,4,0.8151634335517883,109,109
1,7,7,0.8782066702842712,133,130
2,4,4,0.8220170140266418,51,51
3,7,4,0.518171489238739,500,274
4,8,8,0.8048410415649414,366,339
5,2,2,0.8249146342277527,37,38
6,5,3,0.810169517993927,232,166
7,7,7,0.8383671045303345,62,63
8,0,4,0.8446239829063416,17,18
9,3,7,0.3401070535182953,500,187
10,7,7,0.8424977660179138,127,124
11,1,8,0.34750354290008545,500,374
12,1,5,0.4815788269042969,500,422
13,0,5,0.8040676712989807,424,376
14,3,7,0.8344401717185974,372,326
15,2,2,0.8227103352546692,338,318
16,3,7,0.8062602877616882,90,87
17,2,3,0.8582010269165039,106,104
18,7,1,0.38265371322631836,500,387
19,6,6,0.8315466642379761,239,232
20,8,3,0.3927610516548157,500,350
21,0,0,0.8007190823554993,366,338
22,5,5,0.8632407784461975,39,39
23,1,2,0.6847996711730957,500,266
24,6,9,0.8399651050567627,68,68
25,1,1,0.8462406396865845,185,171
26,8,3,0.82243812084198,363,330
27,6,2,0.800410807132721,337,298
28,9,9,0.9020763039588928,210,150
29,8,8,0.6368327736854553,500,299
30,0,0,0.4248584806919098,500,302
31,4,4,0.8690180778503418,297,233
32,2,2,0.7393489480018616,500,352
33,9,4,0.4536275267601013,500,357
34,0,0,0.8117107152938843,366,276
35,7,7,0.8789675831794739,204,199
36,0,4,0.8363545536994934,402,356
37,2,3,0.8801908493041992,223,201
38,4,4,0.8118360638618469,365,295
39,7,7,0.8019945621490479,364,315
40,6,5,0.708288311958313,500,384
41,9,4,0.8565689325332642,398,310
42,3,7,0.652771532535553,500,417
43,9,2,0.8447936177253723,60,57
44,0,0,0.800554096698761,391,334
45,5,5,0.8052294850349426,57,58
46,5,9,0.5987581014633179,500,355
47,0,0,0.8528181910514832,103,99
48,7,7,0.34582391381263733,500,317
49,7,7,0.5964283347129822,500,420
50,5,5,0.8069212436676025,386,346
51,1,8,0.4354188144207001,500,415
52,3,3,0.8228405117988586,359,264
53,7,7,0.8052398562431335,316,262
54,1,1,0.49010083079338074,500,367
55,4,5,0.8059719800949097,224,175
56,1,2,0.8744984269142151,381,288
57,0,0,0.8072018623352051,341,290
58,7,7,0.882432222366333,427,369
59,8,3,0.9069666266441345,240,229
60,1,1,0.8827455043792725,80,72
61,3,3,0.8044521808624268,29,30
62,2,3,0.8571866154670715,202,117
63,0,4,0.8390779495239258,20,20
64,9,3,0.8489744067192078,7,8
65,3,3,0.8123955726623535,425,397
66,5,5,0.6789429783821106,500,442
67,9,3,0.8132734298706055,318,256
68,8,3,0.8393005728721619,13,14
69,8,4,0.8335962891578674,53,54
70,1,7,0.32789069414138794,500,350
71,3,3,0.8340052366256714,51,50
72,1,1,0.8454063534736633,369,292
73,5,5,0.8102654814720154,424,286
74,9,4,0.41334789991378784,500,448
75,5,5,0.8059636354446411,108,104
76,9,7,0.8081962466239929,353,309
77,1,5,0.3345980644226074,500,445
78,1,1,0.8079026937484741,366,301
79,2,2,0.8285806179046631,130,113
80,9,4,0.8192914724349976,387,293
81,6,6,0.8120353817939758,415,328
82,0,5,0.8288065195083618,238,201
83,7,7,0.8007459044456482,131,127
84,0,9,0.8141980767250061,192,183
85,1,1,0.9109057784080505,375,256
86,4,4,0.8301761746406555,445,332
87,6,3,0.8826389908790588,179,154
88,2,1,0.8115655183792114,150,129
89,5,5,0.8473308086395264,204,175
90,7,5,0.8178441524505615,252,224
91,6,6,0.8607003092765808,215,197
92,9,7,0.8046553730964661,246,196
93,6,4,0.8317676782608032,406,284
94,8,8,0.8325831890106201,163,161
95,1,1,0.8074355721473694,261,246
96,0,2,0.815102756023407,416,355
97,4,4,0.8044093251228333,179,170
98,1,1,0.3600943982601166,500,406
99,0,4,0.8133147358894348,383,336
100,6,5,0.825136125087738,210,163
101,9,9,0.6204150319099426,500,338
102,8,4,0.803115963935852,78,71
103,6,6,0.8092372417449951,404,324
104,4,4,0.8310341835021973,85,86
105,3,3,0.8088533282279968,223,188
106,0,0,0.8108157515525818,237,210
107,3,3,0.8573955297470093,446,324
108,8,3,0.8158206939697266,47,48
109,1,1,0.8333578109741211,140,132
110,3,3,0.8085612654685974,254,247
111,8,8,0.5594775080680847,500,334
112,8,8,0.6623691320419312,500,318
113,9,7,0.8100697994232178,215,190
114,4,4,0.8299882411956787,389,248
115,0,0,0.8727518320083618,447,325
116,7,3,0.7598523497581482,500,327
117,7,7,0.295730322599411,500,294
118,2,2,0.8333209753036499,52,53
119,5,5,0.8579837083816528,99,97
120,7,7,0.5622789263725281,500,401
121,2,2,0.8157469630241394,236,180
122,6,9,0.8186436295509338,60,61
123,2,2,0.8047847747802734,58,59
124,9,7,0.8421319723129272,206,193
125,6,6,0.49915990233421326,500,308
126,0,2,0.832173228263855,362,265
127,1,1,0.8155099749565125,312,292
128,0,5,0.8906921148300171,245,208
129,1,1,0.848152756690979,197,175
130,9,9,0.8195862770080566,208,183
131,6,3,0.8658030033111572,228,209
132,2,2,0.8435857892036438,267,256
133,7,7,0.8276438117027283,370,317
134,7,1,0.3479139804840088,500,384
135,0,4,0.8299636840820312,10,11
136,4,4,0.8843017816543579,119,118
137,2,3,0.8157604336738586,13,14
138,9,3,0.8049741387367249,15,16
139,1,3,0.8405558466911316,218,215
140,8,2,0.902761697769165,269,249
141,3,5,0.8175748586654663,132,129
142,8,8,0.9596168994903564,101,98
143,4,4,0.8349463939666748,134,110
144,5,3,0.8120932579040527,224,164
145,5,5,0.8638274669647217,210,204
146,3,3,0.8104893565177917,137,134
147,9,9,0.8653510808944702,122,120
148,4,6,0.8192309737205505,131,123
149,9,3,0.8009518980979919,147,140
150,3,3,0.8360398411750793,326,231
151,4,5,0.8366995453834534,432,290
152,5,3,0.8287249207496643,160,144
153,7,7,0.8275055885314941,468,385
154,9,7,0.8056465983390808,52,53
155,6,5,0.8165429830551147,260,244
156,6,6,0.8267006278038025,113,112
157,3,3,0.8123117089271545,35,36
158,8,8,0.8173197507858276,348,259
159,0,2,0.6596445441246033,500,267
160,2,2,0.8677830696105957,108,109
161,3,3,0.8542630672454834,158,131
162,4,9,0.5083437561988831,500,270
163,5,3,0.8176609873771667,39,40
164,0,0,0.8151814937591553,138,139
165,9,5,0.6043267846107483,500,330
166,6,2,0.8008085489273071,63,63
167,6,6,0.8236055374145508,80,79
168,7,7,0.8580942749977112,62,63
169,6,3,0.8070633411407471,93,89
170,3,3,0.3695983290672302,500,427
171,4,4,0.8868746757507324,472,367
172,4,4,0.823442280292511,179,144
173,3,3,0.8171980381011963,261,245
174,9,9,0.8593736886978149,229,212
175,2,2,0.6481879949569702,500,402
176,6,6,0.8276607990264893,204,176
177,7,7,0.8021377325057983,273,253
178,7,7,0.862248420715332,338,222
179,1,3,0.4298385977745056,500,419
180,6,2,0.803000807762146,384,321
181,5,5,0.8187582492828369,91,92
182,2,2,0.8039625287055969,400,337
183,4,2,0.8071237802505493,439,229
184,0,0,0.5422866344451904,500,421
185,6,6,0.8035022616386414,458,300
186,6,6,0.7626457214355469,500,366
187,5,5,0.44193440675735474,500,339
188,7,7,0.8003664016723633,302,197
189,5,3,0.8055285811424255,396,346
190,0,6,0.6184241771697998,500,341
191,7,3,0.8217045664787292,314,283
192,4,4,0.8323385715484619,310,276
193,3,3,0.8306432366371155,235,202
194,9,3,0.8112337589263916,99,94
195,1,1,0.8312768340110779,415,374
196,6,2,0.9008625745773315,225,192
197,7,7,0.8671554923057556,113,98
198,4,4,0.8035800457000732,140,125
199,5,5,0.8475378155708313,77,78
200,6,5,0.8391858339309692,201,179
201,8,8,0.8373584151268005,151,145
202,5,5,0.8179731965065002,370,283
203,8,2,0.8705961108207703,80,81
204,9,7,0.7327057123184204,500,427
205,9,2,0.8249785304069519,103,104
206,7,7,0.8132907748222351,261,243
207,7,1,0.8554881811141968,81,82
208,0,5,0.8144793510437012,92,81
209,7,7,0.8052914142608643,290,276
210,1,1,0.8058916330337524,395,322
211,5,4,0.8121684789657593,76,75
212,1,1,0.8207187056541443,53,54
213,7,7,0.463290274143219,500,319
214,7,7,0.8231885433197021,395,274
215,6,6,0.8842073678970337,431,400
216,0,0,0.8038457632064819,291,261
217,3,3,0.8323520421981812,284,232
218,5,9,0.8950605988502502,75,69
219,7,7,0.8575752973556519,31,32
220,3,7,0.7441257238388062,500,357
221,4,2,0.5925777554512024,500,422
222,3,3,0.4552086591720581,500,412
223,3,5,0.8065515756607056,380,350
224,5,5,0.810673177242279,285,240
225,0,4,0.8392921686172485,167,134
226,0,9,0.9067311882972717,374,294
227,3,3,0.8249692320823669,83,84
228,2,2,0.5616683959960938,500,338
229,0,7,0.2978420555591583,500,396
230,2,5,0.8267068266868591,268,237
231,9,4,0.8100982904434204,84,78
232,5,5,0.8579233288764954,119,113
233,8,9,0.8626975417137146,136,131
234,7,5,0.8148545622825623,35,35
235,5,5,0.8223666548728943,475,429
236,0,6,0.6255510449409485,500,379
237,1,1,0.8656249046325684,171,160
238,2,3,0.8336877822875977,232,190
239,7,5,0.8852750658988953,372,292
240,0,5,0.8654137849807739,382,345
241,0,3,0.8330698609352112,161,113
242,5,3,0.6060066223144531,500,376
243,7,4,0.8792468309402466,296,261
244,3,3,0.8522025346755981,439,353
245,0,0,0.8169285655021667,373,329
246,6,5,0.8432687520980835,48,47
247,1,1,0.8741157054901123,307,264
248,1,1,0.6767393946647644,500,394
249,8,7,0.6375870704650879,500,397
250,0,0,0.8362959027290344,497,377
251,6,6,0.802991509437561,359,315
252,5,5,0.8224315643310547,125,119
253,8,2,0.8919005393981934,26,27
254,7,7,0.8310288786888123,304,287
255,4,4,0.8026706576347351,373,299
256,1,1,0.8109374642372131,135,120
257,3,3,0.8677947521209717,265,222
258,2,7,0.8193639516830444,263,205
259,2,2,0.8503338694572449,438,334
260,1,1,0.8345391154289246,222,199
261,3,3,0.8387541174888611,266,222
262,9,9,0.8955162763595581,365,316
263,8,1,0.8284952640533447,169,122
264,3,3,0.832736611366272,342,328
265,5,3,0.8457373976707458,227,204
266,8,5,0.86933833360672,59,50
267,7,7,0.8046786785125732,203,197
268,0,0,0.8134918808937073,355,278
269,7,2,0.8114219903945923,322,271
270,9,1,0.8166635632514954,357,254
271,2,3,0.8431641459465027,400,347
272,6,6,0.8192328214645386,442,300
273,7,7,0.8381509780883789,309,280
274,2,7,0.816503643989563,375,322
275,4,4,0.8109886050224304,145,137
276,4,4,0.8209326863288879,34,35
277,2,7,0.9024882912635803,150,149
278,8,8,0.843103289604187,154,145
279,3,5,0.24505646526813507,500,418
280,3,3,0.8401375412940979,315,212
281,9,6,0.822058916091919,27,28
282,8,8,0.9171391725540161,221,206
283,9,7,0.8131360411643982,20,21
284,1,1,0.8003167510032654,198,181
285,9,9,0.864392101764679,185,176
286,0,0,0.8314104676246643,78,75
287,1,1,0.8545739650726318,270,227
288,1,1,0.8807001113891602,260,168
289,2,2,0.8161197304725647,416,352
290,1,1,0.8184876441955566,245,201
291,5,5,0.8212937116622925,280,207
292,3,3,0.5122076272964478,500,222
293,1,1,0.8249599933624268,245,212
294,3,7,0.5660581588745117,500,342
295,4,4,0.8045629262924194,134,128
296,9,5,0.8291103839874268,69,70
297,7,7,0.8578349351882935,286,272
298,1,1,0.8476254343986511,387,348
299,7,7,0.9033377170562744,83,84
300,5,5,0.8507257699966431,254,245
301,2,2,0.8405154943466187,87,83
302,5,5,0.5497236251831055,500,383
303,0,0,0.8124063611030579,96,93
304,3,3,0.8308605551719666,350,295
305,7,7,0.8024840950965881,61,62
306,8,8,0.8744707107543945,112,106
307,1,1,0.5011351108551025,500,386
308,7,4,0.8311696648597717,285,255
309,9,7,0.8076285123825073,453,293
310,5,5,0.8045159578323364,287,204
311,5,3,0.8050098419189453,402,325
312,2,1,0.8125433325767517,49,46
313,3,3,0.8070754408836365,281,261
314,2,2,0.8821408152580261,246,185
315,7,7,0.887988805770874,260,220
316,8,5,0.814342737197876,37,37
317,1,1,0.8477847576141357,157,141
318,0,5,0.8777468204498291,55,37
319,1,1,0.8164159059524536,467,237
320,1,1,0.2357713282108307,500,335
321,4,4,0.1657821238040924,500,393
322,4,4,0.827934205532074,369,237
323,3,3,0.8375513553619385,190,179
324,8,2,0.4607113301753998,500,408
325,3,3,0.8034141659736633,451,337
326,5,5,0.8299247622489929,376,302
327,5,5,0.8058132529258728,320,222
328,7,7,0.874146044254303,145,135
329,7,7,0.8031920194625854,419,321
330,8,8,0.8490233421325684,201,195
331,2,1,0.22542113065719604,500,321
332,2,2,0.44992443919181824,500,347
333,9,9,0.812211275100708,480,358
334,1,1,0.9585533142089844,322,304
335,3,7,0.26507729291915894,500,352
336,0,4,0.8047354221343994,112,109
337,7,4,0.8335865139961243,206,188
338,4,5,0.5947822332382202,500,304
339,3,9,0.8419578671455383,325,212
340,3,7,0.8167784810066223,278,193
341,6,5,0.8459640145301819,44,45
342,6,6,0.8199889063835144,233,222
343,9,7,0.708091676235199,500,363
344,3,7,0.8143559098243713,147,128
345,8,5,0.8011974692344666,114,104
346,9,7,0.3454737961292267,500,404
347,5,3,0.8031459450721741,209,182
348,2,2,0.8451218605041504,343,256
349,1,4,0.8357445001602173,38,39
350,0,7,0.804852306842804,349,298
351,8,8,0.8871493339538574,267,255
352,7,7,0.8242214918136597,260,223
353,6,3,0.8125727772712708,176,169
354,0,5,0.835791289806366,326,274
355,6,6,0.8388325572013855,229,204
356,4,4,0.8082654476165771,370,305
357,3,3,0.8366544842720032,56,57
358,7,7,0.8773851990699768,100,100
359,7,7,0.820044219493866,462,380
360,5,5,0.8715742826461792,238,227
361,5,9,0.8010569214820862,60,58
362,2,2,0.81587815284729,174,173
363,2,2,0.809110164642334,368,153
364,0,0,0.8057323098182678,187,174
365,4,4,0.8533497452735901,490,390
366,9,7,0.813636302947998,157,148
367,8,2,0.8165406584739685,74,70
368,1,3,0.3314670920372009,500,369
369,2,3,0.8071516156196594,176,158
370,3,7,0.8100050091743469,386,275
371,6,3,0.8281663656234741,124,123
372,9,9,0.8275945782661438,406,287
373,9,4,0.8376251459121704,140,103
374,1,1,0.4485272467136383,500,367
375,5,6,0.6227916479110718,500,352
376,1,1,0.8119655847549438,429,393
377,7,5,0.9086728692054749,238,229
378,8,8,0.8077553510665894,418,340
379,7,7,0.8085821270942688,248,226
380,9,4,0.4430704712867737,500,263
381,2,2,0.9099381566047668,257,232
382,9,9,0.8303971290588379,333,268
383,1,8,0.34368735551834106,500,412
384,5,5,0.8378798365592957,77,77
385,1,1,0.8547417521476746,140,141
386,1,1,0.8120861053466797,194,176
387,9,7,0.8224559426307678,345,210
388,6,6,0.8817880749702454,467,353
389,0,0,0.8038341403007507,479,346
390,0,4,0.8651317358016968,246,189
391,0,0,0.6856864094734192,500,362
392,9,9,0.8656235337257385,425,348
393,4,4,0.8108152151107788,232,198
394,6,4,0.8546751737594604,32,33
395,4,6,0.8224372863769531,113,108
396,8,9,0.5690562129020691,500,386
397,0,7,0.8364635109901428,70,71
398,5,3,0.8451719284057617,213,204
399,7,7,0.8023101687431335,485,385
400,5,5,0.8485658764839172,250,198
401,0,5,0.8023121356964111,49,42
402,9,4,0.8091922402381897,312,274
403,4,4,0.8025713562965393,190,178
404,6,5,0.8614795207977295,89,89
405,1,1,0.5657905340194702,500,405
406,0,3,0.41023752093315125,500,432
407,2,7,0.502778947353363,500,325
408,1,3,0.8025094270706177,495,375
409,3,3,0.8234869837760925,255,247
410,7,7,0.8574315905570984,456,330
411,7,7,0.8026370406150818,148,139
412,1,1,0.5003061890602112,500,390
413,5,9,0.8335722088813782,52,44
414,5,5,0.8541878461837769,178,173
415,0,2,0.42150500416755676,500,304
416,2,2,0.8290979266166687,422,354
417,5,3,0.8265693783760071,179,157
418,5,3,0.8231893181800842,481,354
419,0,0,0.8108723759651184,397,283
420,3,7,0.8375809788703918,88,73
421,3,3,0.8665534257888794,266,170
422,6,6,0.5645376443862915,500,368
423,1,1,0.8082350492477417,148,132
424,0,0,0.8283864855766296,74,74
425,0,4,0.8022086024284363,38,39
426,3,5,0.8478401899337769,318,286
427,5,5,0.8135067224502563,186,173
428,2,2,0.8101236820220947,190,161
429,3,3,0.8821229338645935,222,191
430,6,2,0.8280874490737915,277,268
431,8,9,0.8586298227310181,367,255
432,4,7,0.7377117872238159,500,429
433,3,5,0.8149890899658203,174,172
434,1,5,0.8686964511871338,146,136
435,0,0,0.8158472776412964,274,241
436,3,3,0.8290411233901978,430,388
437,2,4,0.8576724529266357,52,53
438,0,4,0.8108617663383484,341,298
439,6,4,0.8118722438812256,442,295
440,8,5,0.8805708885192871,189,157
441,7,1,0.9289372563362122,162,157
442,4,4,0.91384357213974,385,272
443,9,7,0.8457732200622559,445,359
444,3,5,0.8234440088272095,399,296
445,9,7,0.517741858959198,500,431
446,0,0,0.8055388927459717,414,358
447,5,4,0.8075829744338989,41,42
448,2,3,0.8474905490875244,87,81
449,0,7,0.8247532248497009,287,245
450,3,3,0.863678514957428,213,211
451,0,4,0.8120667338371277,68,64
452,2,2,0.8552717566490173,257,231
453,8,9,0.46769821643829346,500,400
454,6,6,0.856288492679596,47,48
455,2,2,0.5905814170837402,500,403
456,5,5,0.8598664999008179,362,268
457,4,4,0.4193327724933624,500,342
458,1,2,0.8186656832695007,63,64
459,6,6,0.5101510882377625,500,256
460,5,5,0.8079254031181335,267,232
461,0,0,0.8678125143051147,439,395
462,2,2,0.8802432417869568,222,185
463,1,1,0.8861427903175354,359,299
464,3,3,0.8202818036079407,67,67
465,8,8,0.8250945210456848,209,192
466,0,6,0.813580334186554,270,162
467,2,2,0.8718287348747253,243,217
468,7,7,0.8038816452026367,178,128
469,7,7,0.8029299378395081,305,233
470,0,9,0.8092489838600159,498,365
471,8,2,0.864761471748352,180,170
472,9,9,0.626884937286377,500,395
473,6,4,0.8349562883377075,111,106
474,0,7,0.81376713514328,127,113
475,2,2,0.8338111639022827,375,268
476,8,5,0.8027918338775635,213,146
477,9,3,0.8003616333007812,97,92
478,5,5,0.8306668400764465,234,219
479,0,0,0.8621426820755005,238,193
480,1,4,0.8947011828422546,143,106
481,3,3,0.8524078726768494,273,240
482,6,6,0.8266604542732239,299,263
483,8,2,0.8195421695709229,119,117
484,7,7,0.8500061631202698,341,313
485,8,5,0.7076213955879211,500,394
486,5,5,0.8010158538818359,406,288
487,4,6,0.8411718606948853,21,22
488,6,4,0.5260740518569946,500,249
489,1,1,0.8863856792449951,391,322
490,1,4,0.8066068291664124,470,385
491,0,5,0.9408233761787415,353,247
492,3,7,0.8098261952400208,412,252
493,6,6,0.8005104064941406,313,299
494,0,0,0.8008489608764648,382,225
495,5,5,0.8503621816635132,273,192
496,8,5,0.2800244092941284,500,296
497,6,6,0.8932641744613647,112,109
498,9,9,0.7636778354644775,500,436
499,0,4,0.8747174739837646,88,88
500,2,2,0.8690376877784729,54,54
501,6,5,0.3601873517036438,500,394
502,9,7,0.8110394477844238,39,40
503,5,3,0.5224758982658386,500,401
504,0,7,0.8595578074455261,483,407
505,1,1,0.9051010608673096,117,118
506,5,5,0.8117014169692993,245,231
507,6,8,0.6973512172698975,500,337
508,1,3,0.15471632778644562,500,405
509,5,7,0.4976227581501007,500,333
510,9,9,0.8283119797706604,344,296
511,9,4,0.7378951907157898,500,372
512,0,7,0.5085819363594055,500,383
513,6,6,0.8151564598083496,307,285
514,9,3,0.8011114001274109,31,32
515,4,4,0.8493596315383911,77,77
516,4,4,0.577863872051239,500,322
517,7,7,0.8056394457817078,36,37
518,2,2,0.5703456401824951,500,403
519,8,3,0.837246835231781,257,226
520,1,1,0.8116012811660767,79,78
521,2,3,0.8241707682609558,90,78
522,5,3,0.8046721816062927,264,242
523,5,5,0.8014050722122192,111,112
524,1,3,0.8300260901451111,163,151
525,1,1,0.8297951221466064,308,280
526,6,6,0.49158158898353577,500,441
527,7,7,0.28423455357551575,500,424
528,9,3,0.48599618673324585,500,360
529,0,5,0.9065898656845093,154,147
530,1,1,0.5702475905418396,500,386
531,3,3,0.8213024735450745,58,57
532,5,5,0.8303365111351013,112,105
533,3,3,0.8195223808288574,240,164
534,1,1,0.8410432934761047,480,400
535,2,2,0.848060667514801,82,79
536,8,5,0.6636626124382019,500,357
537,7,7,0.8649449348449707,261,238
538,4,2,0.45720329880714417,500,359
539,9,5,0.18823789060115814,500,207
540,8,5,0.8284314274787903,490,282
541,2,3,0.8157110810279846,63,64
542,9,3,0.8000223636627197,222,207
543,6,6,0.9342466592788696,250,241
544,9,9,0.8047624230384827,197,192
545,3,7,0.8079506158828735,349,289
546,2,6,0.8135688900947571,52,53
547,3,5,0.8177520632743835,75,76
548,4,4,0.8886467814445496,339,238
549,4,4,0.914922297000885,130,128
550,9,7,0.8585711717605591,340,196
551,1,1,0.8207752108573914,97,89
552,1,5,0.8597778081893921,223,194
553,0,6,0.4160960912704468,500,327
554,3,3,0.8804816007614136,413,323
555,8,5,0.6078269481658936,500,375
556,1,5,0.760094165802002,500,349
557,4,1,0.9448133111000061,299,146
558,9,7,0.8549125790596008,146,134
559,6,6,0.8446404933929443,476,322
560,7,7,0.8213467597961426,87,77
561,8,3,0.8353785872459412,23,24
562,8,8,0.8120972514152527,135,113
563,0,0,0.8075649738311768,428,314
564,6,6,0.8710824251174927,40,41
565,1,1,0.7109395265579224,500,221
566,3,3,0.8187637329101562,310,241
567,0,7,0.8117424845695496,207,189
568,0,5,0.8713399767875671,15,16
569,7,2,0.6427141427993774,500,423
570,7,7,0.19722327589988708,500,323
571,8,3,0.8063232898712158,161,110
572,8,9,0.6361091732978821,500,412
573,8,3,0.8623412251472473,139,123
574,0,7,0.3683907389640808,500,425
575,7,2,0.8452876210212708,226,203
576,4,5,0.8383335471153259,105,106
577,4,4,0.8343054056167603,202,169
578,1,2,0.46955522894859314,500,422
579,7,7,0.9007072448730469,409,381
580,8,8,0.8162827491760254,265,194
581,7,7,0.604790985584259,500,208
582,2,2,0.6567448377609253,500,324
583,9,9,0.8419484496116638,324,269
584,6,6,0.8931743502616882,367,223
585,4,4,0.8142974376678467,41,41
586,9,7,0.4978705048561096,500,370
587,2,2,0.8660992980003357,147,145
588,7,1,0.8065418601036072,66,67
589,6,2,0.8160370588302612,38,39
590,2,2,0.8069111704826355,335,214
591,4,4,0.5853408575057983,500,273
592,5,5,0.8013753294944763,268,245
593,0,5,0.8274977803230286,70,56
594,1,1,0.8641964197158813,281,270
595,6,5,0.8948206305503845,169,144
596,0,0,0.8051888346672058,120,118
597,6,8,0.8238057494163513,56,56
598,6,6,0.8009026646614075,93,92
599,8,1,0.819520115852356,104,104
600,6,2,0.602082371711731,500,351
601,1,3,0.4513220191001892,500,374
602,0,9,0.8748770356178284,184,168
603,9,5,0.8850793838500977,91,89
604,0,0,0.9139569997787476,124,118
605,0,9,0.8526186347007751,300,229
606,1,1,0.8329198956489563,97,87
607,3,2,0.8083106279373169,144,117
608,3,3,0.8582906723022461,141,139
609,5,5,0.8304995894432068,44,45
610,7,4,0.8445157408714294,409,326
611,6,6,0.8144481778144836,118,103
612,4,4,0.9045165777206421,115,115
613,3,3,0.8422418832778931,147,143
614,1,1,0.863463819026947,171,145
615,7,7,0.83156818151474,152,136
616,2,3,0.8305276036262512,249,240
617,7,7,0.8486313223838806,83,83
618,5,5,0.8260855674743652,115,116
619,2,2,0.8342251777648926,461,384
620,1,1,0.8528483510017395,439,376
621,6,6,0.8156470060348511,161,144
622,0,5,0.8450691103935242,46,47
623,7,7,0.8088405132293701,282,264
624,3,3,0.8443267345428467,491,408
625,3,3,0.8177044987678528,274,254
626,7,7,0.8931385278701782,465,392
627,9,3,0.8207930326461792,439,360
628,1,5,0.28053733706474304,500,310
629,2,2,0.8802672624588013,83,78
630,5,3,0.8222442269325256,268,240
631,5,5,0.8018004894256592,320,238
632,9,3,0.9001199007034302,49,50
633,2,2,0.806151270866394,289,209
634,0,2,0.8334233164787292,261,204
635,7,4,0.8182423710823059,277,228
636,5,5,0.8327595591545105,118,116
637,7,9,0.4923153221607208,500,317
638,1,1,0.8024862408638,59,56
639,9,9,0.8192925453186035,175,166
640,0,0,0.4095827639102936,500,332
641,1,3,0.264883428812027,500,318
642,4,5,0.810133695602417,240,200
643,8,9,0.8514452576637268,356,272
644,0,0,0.8310840725898743,437,319
645,5,3,0.5617096424102783,500,366
646,9,4,0.8224613070487976,117,113
647,6,6,0.8311570286750793,190,185
648,0,0,0.8204099535942078,218,203
649,1,7,0.8131969571113586,273,267
650,0,2,0.8021436333656311,306,242
651,2,2,0.8775390386581421,189,184
652,4,4,0.8381646871566772,105,106
653,5,5,0.8341655135154724,91,92
654,2,4,0.8326425552368164,62,58
655,4,4,0.8421620726585388,92,92
656,7,3,0.8677341341972351,140,136
657,6,6,0.6336446404457092,500,328
658,4,4,0.8650330901145935,196,185
659,9,7,0.5973857045173645,500,366
660,6,4,0.4570554792881012,500,380
661,4,4,0.23837964236736298,500,414
662,3,3,0.802386462688446,314,263
663,1,3,0.8090460896492004,408,251
664,5,5,0.9155991077423096,113,94
665,7,7,0.8033257126808167,211,210
666,0,7,0.43582844734191895,500,436
667,6,6,0.8358986377716064,473,317
668,1,1,0.5225831866264343,500,379
669,0,0,0.6751402020454407,500,434
670,3,3,0.8478003740310669,416,319
671,0,7,0.8341631889343262,188,176
672,0,0,0.8506475687026978,297,244
673,8,7,0.3062209486961365,500,385
674,9,7,0.8509586453437805,450,367
675,2,2,0.8511757850646973,355,330
676,6,6,0.8020069599151611,396,314
677,6,6,0.5144696235656738,500,313
678,0,9,0.8011705875396729,417,292
679,5,5,0.8147529363632202,239,218
680,8,8,0.8559180498123169,127,118
681,5,5,0.6089247465133667,500,389
682,9,9,0.8570191264152527,225,200
683,7,7,0.8162110447883606,217,181
684,4,4,0.821357250213623,312,285
685,1,1,0.8957019448280334,310,248
686,3,7,0.8266529440879822,147,138
687,0,0,0.7782054543495178,500,356
688,1,1,0.8031167387962341,437,303
689,3,3,0.8172710537910461,214,193
690,2,2,0.4009115695953369,500,304
691,6,2,0.38604962825775146,500,394
692,0,5,0.8166385889053345,161,148
693,6,4,0.809508204460144,43,44
694,4,7,0.4521150588989258,500,420
695,7,7,0.8058514595031738,380,287
696,6,5,0.8020480275154114,439,339
697,6,6,0.8351798057556152,364,340
698,1,1,0.8188332319259644,306,211
699,8,1,0.8187775611877441,235,182
700,8,8,0.47978493571281433,500,392
701,0,5,0.8052448630332947,236,192
702,0,0,0.840835690498352,274,210
703,2,2,0.801583468914032,347,276
704,9,7,0.807124674320221,235,217
705,6,6,0.8600454330444336,315,307
706,9,9,0.8682991862297058,317,276
707,6,6,0.8200703859329224,441,383
708,3,5,0.4864791929721832,500,225
709,9,4,0.8117108345031738,117,107
710,4,4,0.811024010181427,296,279
711,9,9,0.8664032220840454,169,158
712,0,0,0.8407220840454102,344,331
713,7,7,0.8376942276954651,307,183
714,0,5,0.4908767640590668,500,385
715,4,4,0.8917930722236633,314,281
716,1,1,0.9328351616859436,327,178
717,0,0,0.797620952129364,500,420
718,9,7,0.813795268535614,482,351
719,1,1,0.8314703702926636,365,311
720,0,0,0.39168742299079895,500,396
721,4,4,0.871328592300415,137,135
722,8,7,0.3155514895915985,500,211
723,3,3,0.6795967817306519,500,388
724,4,4,0.8353203535079956,364,231
725,5,5,0.8471152782440186,247,195
726,5,8,0.38291633129119873,500,333
727,8,3,0.8247225880622864,168,160
728,8,8,0.8665860295295715,161,155
729,2,3,0.8074770569801331,128,129
730,4,4,0.8035627603530884,107,101
731,9,7,0.8376550078392029,216,166
732,0,4,0.36249327659606934,500,325
733,0,9,0.5763821601867676,500,361
734,0,2,0.8182229399681091,350,283
735,6,5,0.8019477725028992,170,150
736,7,7,0.8435419797897339,177,167
737,4,4,0.815455973148346,287,224
738,5,5,0.8355284333229065,452,327
739,2,2,0.8008647561073303,55,56
740,1,1,0.8140057921409607,316,250
741,6,6,0.8465275168418884,490,359
742,9,2,0.847708523273468,127,123
743,7,2,0.7001816034317017,500,441
744,6,6,0.8791633248329163,349,274
745,5,5,0.882455050945282,274,209
746,7,7,0.8045522570610046,143,144
747,5,3,0.6316037774085999,500,251
748,5,5,0.826885998249054,138,112
749,7,1,0.8274385333061218,147,107
750,9,3,0.7106049060821533,500,380
751,9,5,0.9062899351119995,234,226
752,4,4,0.8379358053207397,343,199
753,5,9,0.6922807097434998,500,426
754,4,4,0.8139812350273132,284,252
755,7,7,0.8395810723304749,379,346
756,1,1,0.8119999170303345,117,98
757,3,3,0.8564112186431885,437,340
758,1,1,0.8019284605979919,37,35
759,4,4,0.8872606158256531,232,225
760,1,5,0.8196618556976318,355,320
761,7,7,0.8409199714660645,307,237
762,4,3,0.8125907778739929,391,358
763,0,9,0.3096007704734802,500,263
764,2,2,0.8348757028579712,46,47
765,3,3,0.8778402209281921,460,383
766,8,4,0.8417297601699829,92,90
767,7,7,0.8238657712936401,49,50
768,7,2,0.7545849680900574,500,351
769,5,7,0.8121667504310608,59,51
770,2,6,0.8098859786987305,21,22
771,8,3,0.8260111212730408,343,314
772,5,3,0.8008754253387451,479,265
773,9,4,0.6230796575546265,500,413
774,3,3,0.8525044322013855,265,225
775,3,3,0.8511061072349548,174,164
776,6,6,0.8068698644638062,450,335
777,9,9,0.7527759671211243,500,424
778,1,3,0.11662360280752182,500,339
779,6,6,0.8349403142929077,424,325
780,2,2,0.819962203502655,346,256
781,0,4,0.8362386226654053,237,219
782,4,4,0.8449609875679016,381,282
783,7,7,0.8000434637069702,298,210
784,7,7,0.742622435092926,500,401
785,3,5,0.8057900667190552,391,289
786,4,4,0.8170117735862732,455,374
787,2,3,0.8792269825935364,177,174
788,2,2,0.8058932423591614,486,294
789,3,3,0.7064952850341797,500,350
790,2,1,0.8035016059875488,456,303
791,5,7,0.8267427086830139,76,76
792,7,7,0.8310446739196777,114,105
793,1,5,0.34091487526893616,500,361
794,3,3,0.8554472327232361,138,122
795,2,9,0.812518835067749,129,125
796,1,4,0.8631245493888855,91,73
797,0,5,0.8631088733673096,60,60
798,1,1,0.8573434352874756,363,308
799,3,3,0.8577514290809631,56,56
800,4,4,0.7711310386657715,500,359
801,8,5,0.8027252554893494,341,217
802,4,4,0.8229219317436218,317,245
803,3,3,0.4239884316921234,500,317
804,7,7,0.6970524787902832,500,382
805,3,3,0.4143008589744568,500,342
806,7,3,0.5387058258056641,500,360
807,2,7,0.8188666701316833,143,139
808,5,5,0.8274514675140381,379,330
809,2,2,0.844849705696106,277,227
810,3,3,0.8203341364860535,159,143
811,5,5,0.8187081217765808,51,51
812,0,6,0.5497227907180786,500,373
813,4,4,0.8086104989051819,108,96
814,0,0,0.836168646812439,483,344
815,7,3,0.5917420983314514,500,374
816,0,2,0.28269505500793457,500,369
817,6,6,0.9030332565307617,173,156
818,3,4,0.8155714273452759,473,382
819,2,2,0.8773341178894043,182,180
820,2,2,0.8251750469207764,480,330
821,9,7,0.815960168838501,275,195
822,2,4,0.8392398953437805,62,59
823,5,3,0.8483409881591797,275,227
824,5,3,0.831153154373169,160,143
825,6,6,0.8200569152832031,412,338
826,3,3,0.8594728708267212,196,190
827,0,0,0.8549804091453552,435,232
828,3,5,0.8537150025367737,300,239
829,7,5,0.44490641355514526,500,272
830,4,6,0.25211435556411743,500,364
831,5,5,0.6429988145828247,500,249
832,7,1,0.588632345199585,500,433
833,9,9,0.8505204916000366,450,355
834,0,0,0.8309180736541748,212,179
835,2,2,0.821220874786377,321,290
836,5,5,0.8655400276184082,193,187
837,6,6,0.6498508453369141,500,326
838,7,7,0.8868579268455505,484,354
839,4,4,0.9190303683280945,107,91
840,1,1,0.853779673576355,255,239
841,5,5,0.8447685241699219,351,342
842,1,1,0.8040050268173218,158,155
843,8,3,0.8825886845588684,287,184
844,2,7,0.8106697797775269,201,161
845,3,3,0.8661581873893738,476,263
846,9,5,0.39301013946533203,500,382
847,5,5,0.6184566617012024,500,381
848,2,2,0.8245220184326172,214,206
849,6,6,0.5604591369628906,500,382
850,2,2,0.8122807741165161,226,193
851,7,4,0.8191852569580078,133,122
852,7,7,0.4911671280860901,500,347
853,8,5,0.8529868721961975,198,172
854,7,7,0.8286905884742737,431,238
855,5,3,0.8034036755561829,253,239
856,0,7,0.6873472332954407,500,367
857,5,5,0.877885639667511,65,65
858,5,4,0.8224644064903259,149,143
859,6,6,0.8727098107337952,189,143
860,9,4,0.8469772338867188,48,49
861,0,5,0.8236823678016663,37,34
862,9,9,0.772495687007904,500,343
863,2,2,0.8213658928871155,163,159
864,8,8,0.8218817114830017,103,102
865,7,7,0.3109793961048126,500,305
866,0,5,0.4512024521827698,500,428
867,2,7,0.42582911252975464,500,277
868,0,9,0.810099720954895,183,179
869,8,8,0.8019295930862427,185,172
870,4,9,0.5421623587608337,500,337
871,4,4,0.9640923738479614,75,75
872,3,3,0.8243973255157471,472,380
873,5,5,0.8642780780792236,11,12
874,1,4,0.8162963390350342,25,26
875,4,6,0.4573235511779785,500,376
876,7,7,0.8037729859352112,103,102
877,0,5,0.896862804889679,23,24
878,7,7,0.8245312571525574,320,254
879,9,9,0.766852617263794,500,262
880,8,7,0.8303708434104919,331,279
881,1,1,0.8746560215950012,56,57
882,3,7,0.8394961953163147,108,103
883,3,3,0.8552685379981995,306,295
884,6,4,0.845960795879364,150,147
885,0,5,0.6891676187515259,500,387
886,5,9,0.8452720046043396,195,173
887,9,9,0.5839956402778625,500,431
888,7,7,0.8253349661827087,349,263
889,9,7,0.6842100620269775,500,320
890,3,3,0.817493736743927,351,339
891,1,8,0.5996012091636658,500,369
892,5,5,0.8125292658805847,13,14
893,5,5,0.861392080783844,190,165
894,2,2,0.8146024346351624,173,166
895,2,2,0.8089175820350647,203,178
896,8,7,0.8231865167617798,288,246
897,6,6,0.8798660635948181,155,138
898,2,2,0.8524920344352722,83,77
899,4,4,0.4600902795791626,500,396
900,3,9,0.8031168580055237,39,40
901,9,2,0.5265389680862427,500,366
902,4,4,0.8363083004951477,103,100
903,7,7,0.8092160820960999,61,61
904,9,7,0.8034733533859253,113,114
905,7,7,0.818619430065155,373,310
906,8,8,0.8340190052986145,333,271
907,6,4,0.8086413741111755,219,132
908,0,0,0.8512536287307739,400,326
909,6,6,0.8166825771331787,345,325
910,5,5,0.9023105502128601,333,265
911,5,5,0.8588246703147888,58,59
912,3,3,0.867832362651825,169,152
913,5,5,0.8161699175834656,394,266
914,5,5,0.39629313349723816,500,401
915,1,1,0.8289956450462341,135,127
916,3,0,0.34730765223503113,500,305
917,4,4,0.863440990447998,192,160
918,1,4,0.8131815195083618,244,180
919,7,7,0.8690768480300903,74,67
920,8,3,0.8297287821769714,164,129
921,0,0,0.805004894733429,398,239
922,0,5,0.802150309085846,55,53
923,3,3,0.1829693615436554,500,272
924,7,7,0.8203980922698975,124,114
925,8,8,0.8997513055801392,496,415
926,2,2,0.8372983932495117,145,139
927,2,7,0.8013536930084229,308,280
928,3,3,0.8083954453468323,51,50
929,4,4,0.8443309664726257,231,218
930,1,1,0.8003615736961365,284,272
931,4,5,0.36298418045043945,500,335
932,4,5,0.14244015514850616,500,329
933,9,4,0.8188053369522095,433,326
934,0,0,0.8449078798294067,448,364
935,3,3,0.4440089166164398,500,291
936,9,9,0.8283251523971558,286,249
937,1,1,0.9145756959915161,387,360
938,6,6,0.8308811187744141,387,252
939,2,2,0.8115895390510559,375,336
940,3,5,0.8204695582389832,56,53
941,0,5,0.8154170513153076,78,79
942,6,6,0.540034830570221,500,373
943,9,9,0.8248440623283386,198,169
944,6,6,0.8088973164558411,102,90
945,2,3,0.8131001591682434,309,258
946,7,7,0.8098530173301697,122,123
947,8,6,0.8088052868843079,340,193
948,5,5,0.8136036992073059,279,272
949,9,9,0.8042216300964355,292,237
950,9,7,0.8477153778076172,137,135
951,3,3,0.8396304845809937,260,196
952,9,9,0.829627275466919,473,324
953,9,4,0.8526449203491211,403,370
954,4,7,0.7262654900550842,500,437
955,5,5,0.8960497379302979,331,310
956,9,4,0.5797457098960876,500,358
957,0,0,0.8394903540611267,133,132
958,0,0,0.8029395937919617,103,102
959,8,5,0.8833544850349426,277,223
960,3,3,0.8284347653388977,319,268
961,1,1,0.8009092211723328,231,203
962,3,3,0.46506237983703613,500,392
963,7,7,0.829312264919281,148,145
964,4,7,0.9006384611129761,337,297
965,6,6,0.8436316847801208,102,102
966,6,4,0.8144013285636902,71,70
967,9,7,0.5346595048904419,500,391
968,1,1,0.9415833950042725,409,364
969,6,6,0.4734777510166168,500,356
970,1,1,0.8006816506385803,235,189
971,4,4,0.9273813962936401,356,324
972,1,1,0.8718728423118591,300,235
973,6,6,0.6917634606361389,500,289
974,0,5,0.8237658143043518,46,46
975,7,7,0.8142857551574707,88,85
976,6,2,0.8311774134635925,303,218
977,2,2,0.8023765087127686,418,304
978,3,3,0.5151543617248535,500,274
979,0,0,0.8362096548080444,325,277
980,9,9,0.8442735075950623,316,294
981,5,4,0.8152358531951904,40,41
982,5,5,0.8099521398544312,190,182
983,5,5,0.7250869870185852,500,423
984,4,7,0.6023808121681213,500,314
985,4,4,0.8019043207168579,359,222
986,6,3,0.9118668437004089,486,388
987,5,5,0.8395834565162659,190,184
988,7,7,0.800789475440979,306,267
989,3,3,0.8779321312904358,437,297
990,0,0,0.8110153079032898,137,112
991,0,7,0.5654563307762146,500,327
992,2,3,0.8164483904838562,240,231
993,2,7,0.5582366585731506,500,310
994,0,0,0.3939424753189087,500,326
995,7,7,0.8075820803642273,353,283
996,4,4,0.8011839985847473,352,299
997,1,3,0.812270998954773,440,395
998,1,7,0.7349799275398254,500,404
999,9,3,0.8003998398780823,8,9
